"subid","expt","trial_type","age_group","trial_num","rt"
"1","2-vs-1","control-double","3",3,0.39166
"1","2-vs-1","control-single","3",1,0.083
"1","2-vs-1","control-single","3",4,0.34733
"1","2-vs-1","control-single","3",6,0.108
"1","2-vs-1","control-single","3",11,0.40566
"1","2-vs-1","inference","3",5,0.69533
"1","2-vs-1","inference","3",12,1.16466
"10","2-vs-1","control-double","adult",18,0.43533
"10","2-vs-1","control-double","adult",24,0.481
"10","2-vs-1","control-single","adult",16,0.198
"10","2-vs-1","control-single","adult",20,0.57633
"10","2-vs-1","control-single","adult",22,0.298
"10","2-vs-1","inference","adult",23,0.43366
"100","2-vs-1","control-single","5",4,0.48066
"100","2-vs-1","control-single","5",7,0.42633
"100","2-vs-1","control-single","5",16,0.28966
"100","2-vs-1","inference","5",5,0.07866
"100","2-vs-1","inference","5",12,0.50633
"100","2-vs-1","inference","5",15,0.40733
"101","2-vs-1","control-single","5",4,0.34633
"101","2-vs-1","control-single","5",7,0.35366
"101","2-vs-1","control-single","5",13,0.44633
"101","2-vs-1","control-single","5",16,0.07333
"101","2-vs-1","inference","5",12,0.35966
"101","2-vs-1","inference","5",15,1.21433
"102","2-vs-1","control-single","5",4,0.34733
"102","2-vs-1","inference","5",5,0.537
"103","2-vs-1","control-single","5",4,0.75466
"103","2-vs-1","control-single","5",16,2.58166
"103","2-vs-1","inference","5",15,0.781
"104","2-vs-1","control-single","5",1,0.29133
"104","2-vs-1","control-single","5",6,0.14133
"104","2-vs-1","control-single","5",7,0.10133
"104","2-vs-1","control-single","5",11,0.839
"104","2-vs-1","control-single","5",13,0.44266
"104","2-vs-1","control-single","5",16,0.68133
"104","2-vs-1","inference","5",2,0.73166
"104","2-vs-1","inference","5",12,0.38133
"104","2-vs-1","inference","5",15,0.25733
"105","2-vs-1","control-single","5",1,0.40933
"105","2-vs-1","control-single","5",4,0.27133
"105","2-vs-1","control-single","5",7,0.512
"105","2-vs-1","control-single","5",10,0.04633
"105","2-vs-1","control-single","5",11,0.25966
"105","2-vs-1","control-single","5",13,0.37966
"105","2-vs-1","inference","5",15,0.56433
"106","2-vs-1","control-single","5",1,0.676
"106","2-vs-1","control-single","5",11,0.33466
"106","2-vs-1","control-single","5",13,0.65466
"106","2-vs-1","inference","5",5,0.61466
"106","2-vs-1","inference","5",12,0.73466
"107","2-vs-1","control-single","5",4,0.363
"107","2-vs-1","control-single","5",10,0.82133
"107","2-vs-1","control-single","5",11,0.568
"107","2-vs-1","control-single","5",13,0.988
"108","2-vs-1","control-double","5",9,0.78633
"108","2-vs-1","control-single","5",1,0.59266
"108","2-vs-1","control-single","5",7,0.362
"108","2-vs-1","control-single","5",11,0.243
"108","2-vs-1","control-single","5",13,1.063
"108","2-vs-1","inference","5",15,0.29766
"109","2-vs-1","control-double","5",8,0.45933
"109","2-vs-1","control-single","5",10,0.42966
"109","2-vs-1","control-single","5",13,1.05466
"109","2-vs-1","inference","5",12,0.18466
"11","2-vs-1","control-single","3",1,0.91633
"11","2-vs-1","control-single","3",4,0.27233
"11","2-vs-1","control-single","3",6,0.44133
"11","2-vs-1","control-single","3",13,1.39266
"11","2-vs-1","control-single","3",16,0.048
"11","2-vs-1","inference","3",5,0.87866
"11","2-vs-1","inference","3",12,2.948
"110","2-vs-1","control-single","5",4,0.263
"110","2-vs-1","control-single","5",13,0.64633
"110","2-vs-1","inference","5",2,1.60366
"110","2-vs-1","inference","5",5,0.68133
"110","2-vs-1","inference","5",12,0.87633
"110","2-vs-1","inference","5",15,0.13933
"111","2-vs-1","control-double","5",3,1.00833
"111","2-vs-1","control-single","5",4,0.689
"111","2-vs-1","control-single","5",6,1.108
"111","2-vs-1","control-single","5",11,0.60566
"111","2-vs-1","inference","5",5,1.07033
"112","2-vs-1","control-double","5",8,0.36766
"112","2-vs-1","control-single","5",7,0.437
"112","2-vs-1","inference","5",2,0.85366
"112","2-vs-1","inference","5",5,0.53966
"112","2-vs-1","inference","5",12,0.593
"113","2-vs-1","control-double","5",8,0.34266
"113","2-vs-1","control-double","5",9,0.18633
"113","2-vs-1","control-single","5",11,0.25966
"113","2-vs-1","control-single","5",13,0.82133
"113","2-vs-1","control-single","5",16,1.75666
"113","2-vs-1","inference","5",2,0.30366
"113","2-vs-1","inference","5",5,0.95633
"113","2-vs-1","inference","5",12,0.65966
"114","2-vs-1","control-single","5",1,0.43433
"114","2-vs-1","control-single","5",4,0.22966
"114","2-vs-1","control-single","5",13,0.413
"114","2-vs-1","control-single","5",16,0.515
"114","2-vs-1","inference","5",5,0.35633
"114","2-vs-1","inference","5",12,0.75133
"115","2-vs-1","control-single","5",1,0.96766
"115","2-vs-1","control-single","5",4,0.813
"115","2-vs-1","control-single","5",10,0.57966
"115","2-vs-1","control-single","5",11,2.17633
"116","2-vs-1","control-double","5",14,0.951
"116","2-vs-1","control-single","5",1,0.908
"116","2-vs-1","control-single","5",7,0.35966
"116","2-vs-1","control-single","5",10,0.17233
"116","2-vs-1","control-single","5",11,0.07233
"116","2-vs-1","control-single","5",13,0.601
"116","2-vs-1","inference","5",2,1.50666
"116","2-vs-1","inference","5",12,0.223
"117","3-vs-1","control-single","2",6,1.708
"117","3-vs-1","control-single","2",11,2.814
"117","3-vs-1","control-single","2",13,0.63433
"118","3-vs-1","control-double","2",9,0.802
"118","3-vs-1","control-double","2",14,0.83433
"118","3-vs-1","control-single","2",1,0.883
"118","3-vs-1","control-single","2",6,1.31633
"118","3-vs-1","control-single","2",7,1.218
"118","3-vs-1","control-single","2",13,0.68433
"118","3-vs-1","control-single","2",16,0.63133
"118","3-vs-1","inference","2",2,2.315
"118","3-vs-1","inference","2",12,1.23966
"118","3-vs-1","inference","2",15,0.69066
"119","3-vs-1","control-double","5",3,0.325
"119","3-vs-1","control-single","5",4,0.47233
"119","3-vs-1","control-single","5",16,0.43133
"119","3-vs-1","inference","5",5,0.74533
"119","3-vs-1","inference","5",12,1.25633
"119","3-vs-1","inference","5",15,1.224
"12","2-vs-1","control-double","2",9,1.227
"12","2-vs-1","control-single","2",1,2.783
"12","2-vs-1","control-single","2",16,0.198
"12","2-vs-1","inference","2",2,0.665
"12","2-vs-1","inference","2",15,2.724
"120","3-vs-1","control-double","5",3,0.425
"120","3-vs-1","control-single","5",1,0.558
"120","3-vs-1","control-single","5",6,0.44133
"120","3-vs-1","control-single","5",7,0.35133
"120","3-vs-1","control-single","5",10,0.589
"120","3-vs-1","control-single","5",11,0.24733
"120","3-vs-1","inference","5",12,1.28133
"120","3-vs-1","inference","5",15,1.124
"121","3-vs-1","control-single","5",1,0.09133
"121","3-vs-1","control-single","5",16,0.123
"121","3-vs-1","inference","5",12,0.36466
"122","3-vs-1","control-double","2",3,0.8
"122","3-vs-1","control-double","2",14,1.051
"122","3-vs-1","control-single","2",1,0.59966
"122","3-vs-1","control-single","2",4,1.439
"122","3-vs-1","control-single","2",6,0.89133
"122","3-vs-1","control-single","2",7,0.58466
"122","3-vs-1","control-single","2",11,0.97233
"122","3-vs-1","control-single","2",13,0.676
"122","3-vs-1","control-single","2",16,0.68133
"122","3-vs-1","inference","2",5,3.512
"123","3-vs-1","control-double","5",3,0.775
"123","3-vs-1","control-single","5",1,0.19966
"123","3-vs-1","control-single","5",10,0.42233
"124","3-vs-1","control-double","5",3,0.4
"124","3-vs-1","control-single","5",1,0.79966
"124","3-vs-1","control-single","5",4,0.37233
"124","3-vs-1","control-single","5",6,0.81633
"124","3-vs-1","control-single","5",10,0.464
"124","3-vs-1","inference","5",2,0.165
"124","3-vs-1","inference","5",12,1.18133
"124","3-vs-1","inference","5",15,0.724
"125","3-vs-1","control-double","4",3,0.18333
"125","3-vs-1","control-single","4",1,0.47466
"126","3-vs-1","control-double","4",3,0.15833
"126","3-vs-1","control-single","4",1,0.433
"126","3-vs-1","control-single","4",11,0.614
"126","3-vs-1","control-single","4",16,0.60633
"127","3-vs-1","control-double","5",3,0.775
"127","3-vs-1","control-single","5",4,0.489
"127","3-vs-1","inference","5",5,0.59533
"128","3-vs-1","control-double","2",9,0.777
"128","3-vs-1","control-single","2",1,0.883
"128","3-vs-1","control-single","2",7,1.08466
"128","3-vs-1","control-single","2",10,0.49733
"128","3-vs-1","control-single","2",11,0.17233
"128","3-vs-1","inference","2",2,2.82333
"129","3-vs-1","control-single","3",1,0.14133
"129","3-vs-1","control-single","3",4,0.64733
"129","3-vs-1","control-single","3",6,0.62466
"129","3-vs-1","inference","3",5,0.15366
"13","2-vs-1","inference","2",5,0.58133
"130","3-vs-1","control-double","3",3,0.44166
"130","3-vs-1","control-single","3",7,0.30966
"130","3-vs-1","control-single","3",13,0.03433
"130","3-vs-1","inference","3",2,0.49
"130","3-vs-1","inference","3",15,1.20733
"131","3-vs-1","control-double","2",3,0.49166
"131","3-vs-1","control-single","2",1,0.833
"131","3-vs-1","control-single","2",6,0.69133
"131","3-vs-1","control-single","2",7,0.27633
"131","3-vs-1","control-single","2",10,0.48066
"131","3-vs-1","control-single","2",16,0.073
"131","3-vs-1","inference","2",2,1.04833
"131","3-vs-1","inference","2",5,2.10366
"131","3-vs-1","inference","2",12,0.93133
"132","3-vs-1","control-single","4",6,0.37466
"132","3-vs-1","control-single","4",7,1.12633
"132","3-vs-1","control-single","4",16,0.45633
"132","3-vs-1","inference","4",2,1.09
"132","3-vs-1","inference","4",5,1.07033
"133","3-vs-1","control-double","5",3,0.3
"133","3-vs-1","control-single","5",4,0.389
"133","3-vs-1","control-single","5",7,0.92633
"133","3-vs-1","control-single","5",10,0.53066
"133","3-vs-1","inference","5",2,0.34833
"133","3-vs-1","inference","5",5,1.12033
"134","3-vs-1","control-single","5",1,0.708
"134","3-vs-1","control-single","5",4,0.39733
"134","3-vs-1","control-single","5",7,0.943
"134","3-vs-1","inference","5",2,1.30666
"135","3-vs-1","control-double","3",9,1.477
"135","3-vs-1","control-single","3",11,1.164
"135","3-vs-1","control-single","3",16,0.223
"135","3-vs-1","inference","3",12,1.28966
"135","3-vs-1","inference","3",15,0.15733
"136","3-vs-1","control-double","4",3,0.225
"136","3-vs-1","control-double","4",9,0.927
"136","3-vs-1","control-double","4",14,0.55933
"136","3-vs-1","control-single","4",16,0.13133
"136","3-vs-1","inference","4",2,1.40666
"136","3-vs-1","inference","4",12,1.223
"136","3-vs-1","inference","4",15,0.61566
"137","3-vs-1","control-double","3",3,0.43333
"137","3-vs-1","control-single","3",1,0.49966
"137","3-vs-1","control-single","3",4,1.03066
"137","3-vs-1","control-single","3",7,0.693
"137","3-vs-1","control-single","3",10,0.20566
"137","3-vs-1","control-single","3",13,0.39266
"137","3-vs-1","inference","3",15,1.44066
"138","3-vs-1","control-single","2",1,0.183
"138","3-vs-1","control-single","2",6,0.833
"138","3-vs-1","control-single","2",7,0.618
"138","3-vs-1","control-single","2",10,2.04733
"138","3-vs-1","control-single","2",13,1.13433
"138","3-vs-1","control-single","2",16,0.95633
"138","3-vs-1","inference","2",15,1.81566
"139","3-vs-1","control-double","2",14,1.34266
"139","3-vs-1","control-single","2",4,0.63066
"139","3-vs-1","control-single","2",6,1.77466
"139","3-vs-1","control-single","2",7,0.10133
"139","3-vs-1","control-single","2",11,1.83066
"139","3-vs-1","control-single","2",16,0.33133
"139","3-vs-1","inference","2",2,0.09833
"139","3-vs-1","inference","2",12,1.048
"14","2-vs-1","control-single","2",4,0.813
"14","2-vs-1","inference","2",5,1.95633
"140","3-vs-1","control-double","2",3,0.45833
"140","3-vs-1","control-double","2",9,0.48533
"140","3-vs-1","control-double","2",14,0.55933
"140","3-vs-1","control-single","2",1,0.42466
"140","3-vs-1","control-single","2",4,0.43066
"140","3-vs-1","control-single","2",7,0.22633
"141","3-vs-1","control-single","2",11,1.693
"141","3-vs-1","control-single","2",13,0.65466
"141","3-vs-1","control-single","2",16,0.19833
"141","3-vs-1","inference","2",2,0.487
"141","3-vs-1","inference","2",12,0.368
"142","3-vs-1","control-single","2",4,0.64733
"142","3-vs-1","control-single","2",13,0.30933
"142","3-vs-1","control-single","2",16,0.58966
"142","3-vs-1","inference","2",5,1.07033
"142","3-vs-1","inference","2",12,2.33133
"142","3-vs-1","inference","2",15,0.599
"143","3-vs-1","control-single","2",1,0.65933
"143","3-vs-1","control-single","2",10,0.363
"143","3-vs-1","control-single","2",13,1.09633
"143","3-vs-1","inference","2",5,1.598
"143","3-vs-1","inference","2",12,0.18466
"144","3-vs-1","control-double","4",3,0.3
"144","3-vs-1","control-single","4",4,0.314
"144","3-vs-1","control-single","4",6,0.458
"144","3-vs-1","control-single","4",10,0.45566
"144","3-vs-1","control-single","4",11,0.82233
"144","3-vs-1","inference","4",12,0.93966
"145","3-vs-1","control-double","5",3,0.10833
"145","3-vs-1","control-single","5",1,0.29966
"145","3-vs-1","control-single","5",4,0.514
"145","3-vs-1","control-single","5",10,0.32233
"145","3-vs-1","control-single","5",16,0.823
"145","3-vs-1","inference","5",5,0.90366
"145","3-vs-1","inference","5",12,0.43133
"145","3-vs-1","inference","5",15,0.39066
"146","3-vs-1","control-single","5",10,0.40566
"146","3-vs-1","control-single","5",13,0.06766
"146","3-vs-1","inference","5",2,0.89
"146","3-vs-1","inference","5",12,0.30633
"147","3-vs-1","control-single","2",13,2.588
"148","3-vs-1","control-double","5",9,2.74466
"148","3-vs-1","control-double","5",14,0.184
"148","3-vs-1","control-single","5",16,0.59
"148","3-vs-1","inference","5",15,1.03933
"149","3-vs-1","control-double","5",8,0.601
"149","3-vs-1","control-double","5",9,3.18633
"149","3-vs-1","control-single","5",1,0.28433
"149","3-vs-1","control-single","5",7,0.12033
"149","3-vs-1","control-single","5",13,0.12966
"149","3-vs-1","inference","5",2,0.262
"149","3-vs-1","inference","5",12,0.85133
"15","2-vs-1","control-double","adult",14,0.676
"15","2-vs-1","control-double","adult",24,0.42266
"15","2-vs-1","control-single","adult",1,0.21633
"15","2-vs-1","control-single","adult",10,0.87233
"15","2-vs-1","control-single","adult",13,0.226
"15","2-vs-1","control-single","adult",16,0.63966
"15","2-vs-1","control-single","adult",19,0.70933
"15","2-vs-1","control-single","adult",20,0.23466
"15","2-vs-1","control-single","adult",22,0.748
"15","2-vs-1","inference","adult",2,0.08166
"15","2-vs-1","inference","adult",12,0.11466
"15","2-vs-1","inference","adult",23,0.60866
"150","3-vs-1","control-double","4",8,0.71766
"150","3-vs-1","control-single","4",4,0.44633
"150","3-vs-1","control-single","4",11,0.093
"150","3-vs-1","control-single","4",13,0.50466
"150","3-vs-1","inference","4",12,0.293
"151","3-vs-1","control-double","3",8,1.04266
"151","3-vs-1","control-single","3",1,0.74266
"151","3-vs-1","control-single","3",4,0.988
"151","3-vs-1","control-single","3",7,0.99533
"151","3-vs-1","inference","3",5,1.85633
"152","3-vs-1","control-double","4",9,0.57799
"152","3-vs-1","control-single","4",1,0.09266
"152","3-vs-1","control-single","4",4,0.17966
"152","3-vs-1","control-single","4",16,0.17333
"152","3-vs-1","inference","4",2,0.762
"152","3-vs-1","inference","4",12,1.48466
"153","3-vs-1","control-double","3",8,0.551
"153","3-vs-1","control-single","3",4,0.29633
"153","3-vs-1","control-single","3",7,1.19533
"153","3-vs-1","control-single","3",10,0.49633
"153","3-vs-1","control-single","3",13,0.07966
"153","3-vs-1","inference","3",2,1.512
"153","3-vs-1","inference","3",5,0.948
"154","3-vs-1","control-double","5",3,0.15
"154","3-vs-1","control-single","5",1,0.12466
"154","3-vs-1","control-single","5",4,0.54733
"154","3-vs-1","control-single","5",6,0.41633
"154","3-vs-1","control-single","5",7,0.768
"154","3-vs-1","control-single","5",16,0.45633
"154","3-vs-1","inference","5",2,0.465
"154","3-vs-1","inference","5",12,1.23133
"155","3-vs-1","control-double","4",8,0.38433
"155","3-vs-1","control-single","4",1,0.40933
"155","3-vs-1","control-single","4",13,0.69633
"155","3-vs-1","inference","4",2,0.59533
"155","3-vs-1","inference","4",5,0.28966
"156","3-vs-1","control-double","4",9,0.49466
"156","3-vs-1","control-single","4",1,0.25099
"156","3-vs-1","control-single","4",13,0.563
"156","3-vs-1","control-single","4",16,1.865
"156","3-vs-1","inference","4",5,0.65633
"156","3-vs-1","inference","4",12,0.60133
"157","3-vs-1","control-single","3",1,0.526
"157","3-vs-1","control-single","3",10,1.07133
"157","3-vs-1","control-single","3",11,0.868
"157","3-vs-1","control-single","3",13,1.12133
"157","3-vs-1","inference","3",2,0.112
"157","3-vs-1","inference","3",5,0.63133
"157","3-vs-1","inference","3",12,0.58466
"158","3-vs-1","control-double","4",9,0.378
"158","3-vs-1","control-double","4",14,0.38399
"158","3-vs-1","control-single","4",1,0.53433
"158","3-vs-1","control-single","4",4,0.82966
"158","3-vs-1","inference","4",5,1.273
"158","3-vs-1","inference","4",12,0.343
"158","3-vs-1","inference","4",15,1.43933
"159","3-vs-1","control-single","4",7,0.12866
"159","3-vs-1","control-single","4",13,0.44633
"159","3-vs-1","inference","4",15,1.08933
"16","2-vs-1","control-double","adult",8,0.34266
"16","2-vs-1","control-double","adult",14,0.89233
"16","2-vs-1","control-double","adult",24,0.083
"16","2-vs-1","control-single","adult",1,0.65933
"16","2-vs-1","control-single","adult",4,0.72966
"16","2-vs-1","control-single","adult",11,0.718
"16","2-vs-1","control-single","adult",19,0.628
"16","2-vs-1","control-single","adult",21,1.04266
"16","2-vs-1","inference","adult",5,0.78966
"16","2-vs-1","inference","adult",15,1.54766
"16","2-vs-1","inference","adult",23,1.61733
"160","3-vs-1","control-double","3",8,0.326
"160","3-vs-1","control-double","3",14,0.109
"160","3-vs-1","control-single","3",1,0.62599
"160","3-vs-1","control-single","3",10,1.04633
"160","3-vs-1","control-single","3",13,0.47966
"160","3-vs-1","inference","3",12,0.418
"160","3-vs-1","inference","3",15,1.42266
"161","3-vs-1","control-double","2",9,1.677
"161","3-vs-1","control-single","2",4,2.439
"161","3-vs-1","control-single","2",13,1.88433
"161","3-vs-1","control-single","2",16,1.23966
"161","3-vs-1","inference","2",2,3.18166
"161","3-vs-1","inference","2",5,3.512
"161","3-vs-1","inference","2",15,2.01566
"162","3-vs-1","inference","5",2,0.887
"163","3-vs-1","control-single","5",4,0.65566
"163","3-vs-1","control-single","5",7,0.42633
"163","3-vs-1","inference","5",2,0.82333
"164","3-vs-1","control-double","3",14,0.34233
"164","3-vs-1","control-single","3",10,0.49633
"164","3-vs-1","control-single","3",11,0.83466
"164","3-vs-1","inference","3",2,1.17866
"165","3-vs-1","control-double","4",8,0.18433
"165","3-vs-1","control-single","4",4,0.688
"165","3-vs-1","control-single","4",10,0.12133
"165","3-vs-1","control-single","4",11,0.493
"165","3-vs-1","inference","4",2,1.75366
"165","3-vs-1","inference","4",12,0.918
"166","3-vs-1","control-single","4",1,0.66633
"166","3-vs-1","control-single","4",6,0.558
"166","3-vs-1","control-single","4",7,0.193
"166","3-vs-1","control-single","4",10,0.28066
"166","3-vs-1","inference","4",5,0.97033
"166","3-vs-1","inference","4",12,0.70633
"167","3-vs-1","control-double","3",8,0.59266
"167","3-vs-1","control-single","3",7,0.662
"167","3-vs-1","inference","3",2,1.587
"167","3-vs-1","inference","3",5,0.773
"168","3-vs-1","control-single","5",6,0.56633
"168","3-vs-1","control-single","5",7,0.47633
"168","3-vs-1","control-single","5",10,0.75566
"168","3-vs-1","inference","5",5,0.67866
"169","3-vs-1","control-single","2",4,0.563
"169","3-vs-1","control-single","2",13,0.763
"17","2-vs-1","control-double","adult",8,0.33433
"17","2-vs-1","control-double","adult",18,0.714
"17","2-vs-1","control-double","adult",24,0.46633
"17","2-vs-1","control-single","adult",10,0.22966
"17","2-vs-1","control-single","adult",11,0.38466
"17","2-vs-1","control-single","adult",16,0.54833
"17","2-vs-1","control-single","adult",19,0.38633
"17","2-vs-1","control-single","adult",21,0.14266
"17","2-vs-1","inference","adult",5,0.95633
"17","2-vs-1","inference","adult",15,0.19766
"17","2-vs-1","inference","adult",23,0.21733
"170","3-vs-1","control-double","3",8,0.576
"170","3-vs-1","control-double","3",9,0.728
"170","3-vs-1","control-single","3",1,0.33433
"170","3-vs-1","inference","3",2,0.22033
"170","3-vs-1","inference","3",5,0.16466
"170","3-vs-1","inference","3",12,1.52633
"170","3-vs-1","inference","3",15,0.23933
"171","3-vs-1","control-double","5",8,0.626
"171","3-vs-1","control-single","5",4,0.963
"171","3-vs-1","control-single","5",11,0.38466
"172","3-vs-1","control-double","5",9,0.66133
"172","3-vs-1","control-single","5",7,0.437
"172","3-vs-1","control-single","5",13,1.363
"172","3-vs-1","inference","5",5,0.86466
"172","3-vs-1","inference","5",12,1.72633
"172","3-vs-1","inference","5",15,0.681
"173","3-vs-1","control-double","2",9,0.16133
"173","3-vs-1","control-single","2",10,0.388
"173","3-vs-1","control-single","2",13,0.04633
"173","3-vs-1","inference","2",5,0.46466
"174","3-vs-1","control-single","4",1,0.40933
"174","3-vs-1","control-single","4",4,0.52133
"174","3-vs-1","control-single","4",11,3.143
"174","3-vs-1","inference","4",5,0.848
"175","3-vs-1","control-double","5",8,0.78433
"175","3-vs-1","control-double","5",9,0.13633
"175","3-vs-1","control-single","5",4,0.30466
"175","3-vs-1","control-single","5",7,0.32866
"175","3-vs-1","control-single","5",13,0.838
"176","3-vs-1","control-single","4",4,0.13066
"176","3-vs-1","control-single","4",7,0.80966
"176","3-vs-1","control-single","4",16,2.93133
"176","3-vs-1","inference","4",2,0.865
"177","3-vs-1","control-single","2",1,1.68433
"177","3-vs-1","inference","2",2,2.97033
"178","3-vs-1","control-double","2",8,0.18433
"178","3-vs-1","control-double","2",14,0.609
"178","3-vs-1","control-single","2",1,0.44266
"178","3-vs-1","control-single","2",7,0.787
"178","3-vs-1","control-single","2",10,0.52133
"178","3-vs-1","control-single","2",16,0.12333
"178","3-vs-1","inference","2",12,0.068
"179","3-vs-1","control-double","2",8,0.63433
"179","3-vs-1","control-single","2",16,0.59
"179","3-vs-1","inference","2",15,1.106
"18","2-vs-1","control-single","adult",11,0.94733
"18","2-vs-1","control-single","adult",21,0.378
"18","2-vs-1","inference","adult",12,1.03966
"18","2-vs-1","inference","adult",15,0.649
"180","3-vs-1","control-single","2",4,0.52233
"180","3-vs-1","control-single","2",11,0.214
"180","3-vs-1","inference","2",2,0.58166
"180","3-vs-1","inference","2",12,1.11466
"181","3-vs-1","control-double","2",9,0.91966
"181","3-vs-1","control-single","2",4,0.04633
"181","3-vs-1","control-single","2",10,0.82966
"181","3-vs-1","control-single","2",11,0.518
"181","3-vs-1","control-single","2",13,0.27966
"181","3-vs-1","inference","2",2,2.94533
"181","3-vs-1","inference","2",5,0.31466
"182","3-vs-1","control-single","4",4,0.77966
"182","3-vs-1","control-single","4",11,0.20966
"183","3-vs-1","control-double","4",9,0.41866
"183","3-vs-1","control-single","4",1,0.89966
"183","3-vs-1","control-single","4",13,0.626
"183","3-vs-1","inference","4",12,0.523
"184","3-vs-1","control-double","3",3,0.8
"184","3-vs-1","control-double","3",9,0.26866
"184","3-vs-1","control-double","3",14,0.226
"184","3-vs-1","control-single","3",4,0.60566
"184","3-vs-1","control-single","3",7,0.95133
"184","3-vs-1","control-single","3",10,0.74733
"184","3-vs-1","control-single","3",11,0.25566
"184","3-vs-1","control-single","3",16,0.173
"184","3-vs-1","inference","3",5,0.72866
"185","3-vs-1","control-single","5",7,1.27866
"185","3-vs-1","control-single","5",11,0.12633
"185","3-vs-1","control-single","5",13,0.388
"185","3-vs-1","control-single","5",16,0.23166
"185","3-vs-1","inference","5",2,0.17033
"185","3-vs-1","inference","5",12,0.43466
"186","3-vs-1","control-single","3",1,0.64966
"186","3-vs-1","control-single","3",6,0.41633
"186","3-vs-1","inference","3",2,0.88166
"186","3-vs-1","inference","3",12,0.18133
"187","3-vs-1","control-double","5",9,1.76966
"187","3-vs-1","control-single","5",4,0.29633
"187","3-vs-1","control-single","5",10,0.038
"187","3-vs-1","inference","5",12,0.57633
"188","3-vs-1","control-single","4",1,0.351
"188","3-vs-1","control-single","4",10,0.263
"188","3-vs-1","control-single","4",11,0.45133
"188","3-vs-1","inference","4",2,0.562
"188","3-vs-1","inference","4",5,0.423
"189","3-vs-1","control-single","2",4,1.25466
"189","3-vs-1","control-single","2",11,0.968
"189","3-vs-1","control-single","2",16,1.015
"189","3-vs-1","inference","2",2,0.35366
"19","2-vs-1","control-single","2",6,2.02466
"19","2-vs-1","control-single","2",7,0.543
"19","2-vs-1","control-single","2",11,0.889
"19","2-vs-1","control-single","2",13,0.651
"19","2-vs-1","control-single","2",16,0.498
"19","2-vs-1","inference","2",2,1.565
"19","2-vs-1","inference","2",12,0.573
"190","3-vs-1","control-double","3",9,0.69366
"190","3-vs-1","control-single","3",1,1.14966
"190","3-vs-1","control-single","3",4,2.539
"190","3-vs-1","control-single","3",6,0.89133
"190","3-vs-1","control-single","3",7,0.60966
"190","3-vs-1","control-single","3",10,0.87233
"190","3-vs-1","control-single","3",11,1.439
"190","3-vs-1","inference","3",12,2.698
"190","3-vs-1","inference","3",15,1.224
"191","3-vs-1","control-double","4",3,0.34166
"191","3-vs-1","control-single","4",7,0.693
"191","3-vs-1","control-single","4",11,0.67233
"191","3-vs-1","control-single","4",16,0.573
"191","3-vs-1","inference","4",12,0.88133
"192","3-vs-1","control-double","3",3,0.06666
"192","3-vs-1","control-single","3",11,2.60566
"192","3-vs-1","inference","3",2,0.04
"193","3-vs-1","control-single","5",1,0.426
"193","3-vs-1","control-single","5",13,0.07966
"193","3-vs-1","control-single","5",16,0.515
"194","3-vs-1","control-single","3",1,0.96633
"194","3-vs-1","control-single","3",4,0.17233
"194","3-vs-1","control-single","3",6,0.61633
"194","3-vs-1","control-single","3",7,0.17633
"195","3-vs-1","control-double","2",14,0.609
"195","3-vs-1","control-single","2",11,0.243
"195","3-vs-1","control-single","2",13,0.77133
"196","3-vs-1","control-double","3",3,0.38333
"196","3-vs-1","control-double","3",9,0.41866
"196","3-vs-1","control-single","3",4,0.80566
"196","3-vs-1","inference","3",2,2.24833
"196","3-vs-1","inference","3",5,0.262
"196","3-vs-1","inference","3",12,1.66466
"197","2-vs-1","inference","4",5,0.398
"198","2-vs-1","inference","4",5,0.60366
"198","2-vs-1","inference","4",15,1.08233
"199","2-vs-1","control-single","3",7,1.00133
"199","2-vs-1","control-single","3",13,0.051
"199","2-vs-1","control-single","3",16,0.96466
"199","2-vs-1","inference","3",5,0.67033
"199","2-vs-1","inference","3",15,1.749
"2","2-vs-1","control-double","4",8,0.31766
"2","2-vs-1","control-double","4",14,0.57566
"2","2-vs-1","control-single","4",1,0.551
"2","2-vs-1","control-single","4",4,0.27966
"2","2-vs-1","control-single","4",11,1.00133
"2","2-vs-1","inference","4",2,0.09533
"2","2-vs-1","inference","4",12,1.693
"2","2-vs-1","inference","4",15,1.481
"20","2-vs-1","control-single","3",1,0.858
"20","2-vs-1","control-single","3",4,0.064
"20","2-vs-1","control-single","3",13,1.16766
"20","2-vs-1","inference","3",2,1.14833
"20","2-vs-1","inference","3",5,1.02033
"200","2-vs-1","control-double","5",8,0.601
"200","2-vs-1","control-single","5",7,1.77033
"200","2-vs-1","control-single","5",10,0.97966
"200","2-vs-1","control-single","5",13,0.39633
"200","2-vs-1","inference","5",15,1.381
"201","2-vs-1","control-single","3",6,1.31633
"201","2-vs-1","control-single","3",11,1.364
"201","2-vs-1","control-single","3",16,0.56466
"201","2-vs-1","inference","3",5,1.45366
"202","2-vs-1","control-single","2",10,0.663
"202","2-vs-1","control-single","2",13,0.79633
"203","2-vs-1","control-single","4",10,0.22966
"204","2-vs-1","control-double","4",3,0.15
"204","2-vs-1","control-single","4",11,0.664
"204","2-vs-1","control-single","4",16,0.298
"204","2-vs-1","inference","4",15,0.98233
"205","2-vs-1","control-single","4",4,0.24633
"205","2-vs-1","inference","4",15,1.14766
"207","2-vs-1","control-double","3",3,0.45
"207","2-vs-1","control-single","3",7,0.53466
"207","2-vs-1","control-single","3",13,0.151
"207","2-vs-1","control-single","3",16,0.548
"207","2-vs-1","inference","3",5,0.52033
"207","2-vs-1","inference","3",15,1.01566
"208","2-vs-1","control-single","5",4,0.06299
"208","2-vs-1","control-single","5",7,0.32033
"208","2-vs-1","control-single","5",10,0.59633
"208","2-vs-1","control-single","5",13,0.49633
"208","2-vs-1","inference","5",15,0.99766
"209","2-vs-1","control-single","3",13,1.04633
"21","2-vs-1","control-double","4",14,0.69233
"21","2-vs-1","control-single","4",4,0.42966
"21","2-vs-1","control-single","4",10,0.34633
"21","2-vs-1","control-single","4",16,0.43166
"21","2-vs-1","inference","4",15,0.731
"211","2-vs-1","control-single","2",4,0.863
"211","2-vs-1","inference","2",5,0.23133
"212","3-vs-1","control-single","4",13,0.44633
"213","3-vs-1","control-double","2",9,1.33533
"213","3-vs-1","control-single","2",6,0.91633
"213","3-vs-1","control-single","2",11,0.34733
"214","3-vs-1","control-single","4",13,0.73433
"214","3-vs-1","inference","4",5,0.97033
"214","3-vs-1","inference","4",15,0.749
"215","3-vs-1","control-double","4",8,0.801
"215","3-vs-1","control-single","4",4,1.413
"215","3-vs-1","inference","4",15,0.531
"216","3-vs-1","control-double","5",3,0.43333
"216","3-vs-1","control-double","5",9,0.102
"216","3-vs-1","control-single","5",6,0.54966
"216","3-vs-1","control-single","5",7,0.75133
"216","3-vs-1","control-single","5",13,0.151
"216","3-vs-1","control-single","5",16,0.448
"217","3-vs-1","control-single","4",6,0.183
"217","3-vs-1","inference","4",5,1.05366
"217","3-vs-1","inference","4",15,0.93233
"218","3-vs-1","control-single","5",4,0.39633
"218","3-vs-1","inference","5",5,0.48133
"219","3-vs-1","control-single","2",10,0.44633
"22","2-vs-1","control-single","adult",7,0.12033
"22","2-vs-1","control-single","adult",10,0.20466
"22","2-vs-1","control-single","adult",13,0.388
"22","2-vs-1","control-single","adult",16,0.63166
"22","2-vs-1","control-single","adult",19,0.578
"22","2-vs-1","inference","adult",2,0.92033
"22","2-vs-1","inference","adult",5,1.998
"22","2-vs-1","inference","adult",17,0.764
"220","3-vs-1","control-double","3",3,0.38333
"220","3-vs-1","control-single","3",6,0.31633
"220","3-vs-1","control-single","3",13,0.501
"220","3-vs-1","control-single","3",16,0.36466
"220","3-vs-1","inference","3",15,0.08233
"221","3-vs-1","control-double","4",3,0.18333
"221","3-vs-1","control-single","4",7,0.23466
"221","3-vs-1","inference","4",5,0.07033
"222","3-vs-1","control-single","3",13,0.08433
"222","3-vs-1","inference","3",5,0.687
"223","3-vs-1","control-double","3",3,0.75
"223","3-vs-1","control-single","3",7,0.53466
"223","3-vs-1","control-single","3",13,1.18433
"223","3-vs-1","inference","3",15,0.26566
"224","3-vs-1","control-double","3",3,0.18333
"224","3-vs-1","control-single","3",6,0.61633
"224","3-vs-1","control-single","3",7,0.35133
"224","3-vs-1","control-single","3",11,2.814
"224","3-vs-1","control-single","3",16,0.61466
"224","3-vs-1","inference","3",5,0.17033
"224","3-vs-1","inference","3",15,0.299
"225","3-vs-1","control-single","4",10,0.24633
"225","3-vs-1","control-single","4",13,0.663
"225","3-vs-1","inference","4",15,0.781
"226","3-vs-1","control-single","2",4,0.77966
"226","3-vs-1","control-single","2",7,0.237
"226","3-vs-1","control-single","2",10,0.67966
"226","3-vs-1","inference","2",5,1.148
"227","3-vs-1","control-double","4",3,0.6
"227","3-vs-1","control-double","4",9,0.23533
"227","3-vs-1","control-single","4",6,0.46633
"227","3-vs-1","control-single","4",13,0.501
"227","3-vs-1","inference","4",15,0.08233
"228","3-vs-1","control-single","4",4,3.463
"229","3-vs-1","control-double","4",8,0.08433
"229","3-vs-1","control-single","4",4,0.24633
"229","3-vs-1","inference","4",15,0.63099
"23","2-vs-1","control-double","adult",14,0.351
"23","2-vs-1","control-double","adult",18,0.577
"23","2-vs-1","control-double","adult",24,0.46433
"23","2-vs-1","control-single","adult",1,0.69133
"23","2-vs-1","control-single","adult",6,0.59133
"23","2-vs-1","control-single","adult",7,0.35133
"23","2-vs-1","control-single","adult",13,0.776
"23","2-vs-1","control-single","adult",16,0.198
"23","2-vs-1","control-single","adult",20,0.593
"23","2-vs-1","control-single","adult",22,1.03966
"23","2-vs-1","inference","adult",12,0.28133
"230","3-vs-1","control-single","4",7,0.42033
"230","3-vs-1","inference","4",15,1.41433
"231","3-vs-1","control-single","3",4,0.763
"24","2-vs-1","control-double","adult",18,2.43533
"24","2-vs-1","control-single","adult",1,0.79133
"24","2-vs-1","control-single","adult",19,0.51766
"24","2-vs-1","control-single","adult",20,1.443
"24","2-vs-1","inference","adult",12,2.43966
"24","2-vs-1","inference","adult",15,3.424
"25","2-vs-1","control-double","adult",14,0.51733
"25","2-vs-1","control-double","adult",24,0.658
"25","2-vs-1","control-single","adult",4,0.49633
"25","2-vs-1","control-single","adult",10,0.688
"25","2-vs-1","control-single","adult",13,0.57133
"25","2-vs-1","inference","adult",2,1.32033
"25","2-vs-1","inference","adult",12,0.48466
"25","2-vs-1","inference","adult",17,0.289
"25","2-vs-1","inference","adult",23,0.45066
"26","2-vs-1","control-double","adult",3,0.73333
"26","2-vs-1","control-double","adult",24,0.331
"26","2-vs-1","control-single","adult",13,0.90933
"26","2-vs-1","control-single","adult",22,0.673
"26","2-vs-1","inference","adult",12,1.43133
"26","2-vs-1","inference","adult",15,0.18233
"27","2-vs-1","control-single","adult",1,0.64966
"27","2-vs-1","control-single","adult",4,0.44733
"27","2-vs-1","inference","adult",2,0.79
"27","2-vs-1","inference","adult",5,0.12033
"28","2-vs-1","control-double","adult",18,0.48066
"28","2-vs-1","control-double","adult",24,0.44966
"28","2-vs-1","control-single","adult",4,0.06299
"28","2-vs-1","control-single","adult",7,0.64533
"28","2-vs-1","control-single","adult",11,0.37633
"28","2-vs-1","inference","adult",2,0.312
"28","2-vs-1","inference","adult",5,0.373
"28","2-vs-1","inference","adult",17,0.82233
"29","2-vs-1","control-double","3",3,0.51666
"29","2-vs-1","control-single","3",7,0.72633
"29","2-vs-1","inference","3",2,0.25666
"29","2-vs-1","inference","3",5,0.14533
"3","2-vs-1","control-double","2",3,0.20833
"3","2-vs-1","control-single","2",4,0.88066
"3","2-vs-1","inference","2",5,1.82033
"30","2-vs-1","control-single","3",13,0.79633
"30","2-vs-1","control-single","3",16,0.74
"30","2-vs-1","inference","3",2,0.50366
"31","2-vs-1","control-double","2",8,0.876
"31","2-vs-1","control-single","2",4,1.07966
"31","2-vs-1","control-single","2",7,0.637
"31","2-vs-1","inference","2",2,3.087
"31","2-vs-1","inference","2",5,0.198
"31","2-vs-1","inference","2",12,2.28466
"32","2-vs-1","control-single","4",7,0.118
"32","2-vs-1","control-single","4",11,0.464
"32","2-vs-1","inference","4",2,0.32333
"32","2-vs-1","inference","4",15,0.50733
"33","2-vs-1","control-double","2",8,0.44266
"33","2-vs-1","control-double","2",9,0.33633
"33","2-vs-1","control-double","2",14,0.74233
"33","2-vs-1","control-single","2",7,1.72033
"33","2-vs-1","control-single","2",11,0.493
"33","2-vs-1","control-single","2",13,1.213
"33","2-vs-1","inference","2",12,0.468
"34","2-vs-1","control-double","3",3,0.6
"34","2-vs-1","control-double","3",14,0.34266
"34","2-vs-1","control-single","3",10,0.50566
"34","2-vs-1","control-single","3",13,1.45933
"34","2-vs-1","inference","3",5,1.27866
"34","2-vs-1","inference","3",15,2.28233
"35","2-vs-1","control-double","4",8,0.31766
"35","2-vs-1","control-single","4",4,0.50466
"35","2-vs-1","inference","4",12,1.95133
"35","2-vs-1","inference","4",15,3.331
"36","2-vs-1","control-single","3",1,1.14133
"36","2-vs-1","control-single","3",4,0.264
"36","2-vs-1","control-single","3",6,0.41633
"36","2-vs-1","control-single","3",7,0.28466
"36","2-vs-1","control-single","3",10,0.27233
"36","2-vs-1","inference","3",2,0.50666
"37","2-vs-1","control-double","2",3,1.29166
"37","2-vs-1","control-single","2",10,1.37233
"37","2-vs-1","control-single","2",16,1.13966
"37","2-vs-1","inference","2",5,1.587
"38","2-vs-1","control-single","4",1,0.551
"38","2-vs-1","inference","4",2,0.187
"39","2-vs-1","control-double","4",8,0.39266
"39","2-vs-1","control-single","4",7,0.32866
"39","2-vs-1","control-single","4",10,0.313
"39","2-vs-1","control-single","4",11,1.35966
"39","2-vs-1","control-single","4",13,0.788
"39","2-vs-1","control-single","4",16,0.14
"39","2-vs-1","inference","4",2,0.97866
"39","2-vs-1","inference","4",5,0.26466
"4","2-vs-1","inference","3",12,0.83133
"4","2-vs-1","inference","3",15,0.50733
"40","2-vs-1","control-single","4",4,0.55566
"40","2-vs-1","control-single","4",10,0.57233
"40","2-vs-1","control-single","4",13,0.35933
"40","2-vs-1","inference","4",5,1.237
"40","2-vs-1","inference","4",12,0.798
"41","2-vs-1","control-double","3",14,0.459
"41","2-vs-1","control-single","3",7,0.562
"42","2-vs-1","control-double","4",9,0.952
"42","2-vs-1","control-double","4",14,0.176
"42","2-vs-1","control-single","4",4,0.65566
"42","2-vs-1","control-single","4",7,0.50966
"42","2-vs-1","control-single","4",10,0.32233
"43","2-vs-1","control-double","3",3,0.91666
"43","2-vs-1","control-single","3",1,1.39133
"43","2-vs-1","control-single","3",7,0.53466
"43","2-vs-1","control-single","3",10,1.214
"43","2-vs-1","control-single","3",16,0.50633
"43","2-vs-1","inference","3",2,0.65666
"43","2-vs-1","inference","3",5,1.37866
"43","2-vs-1","inference","3",15,1.33233
"44","2-vs-1","control-single","5",1,0.46766
"44","2-vs-1","control-single","5",7,0.47033
"44","2-vs-1","control-single","5",10,0.988
"44","2-vs-1","control-single","5",16,0.54833
"44","2-vs-1","inference","5",12,0.50133
"45","2-vs-1","control-double","2",8,0.45933
"45","2-vs-1","control-single","2",4,0.47133
"45","2-vs-1","control-single","2",7,0.17033
"45","2-vs-1","control-single","2",10,0.163
"45","2-vs-1","control-single","2",13,0.79633
"45","2-vs-1","inference","2",2,1.362
"45","2-vs-1","inference","2",12,1.143
"45","2-vs-1","inference","2",15,0.89766
"46","2-vs-1","control-single","4",1,0.51766
"47","2-vs-1","control-single","4",4,0.714
"47","2-vs-1","control-single","4",10,0.49733
"47","2-vs-1","control-single","4",11,0.664
"48","2-vs-1","control-single","3",4,0.79633
"48","2-vs-1","inference","3",5,2.298
"49","2-vs-1","control-single","4",1,0.758
"49","2-vs-1","control-single","4",7,0.58466
"49","2-vs-1","control-single","4",13,0.65933
"49","2-vs-1","inference","4",2,2.465
"49","2-vs-1","inference","4",5,1.212
"49","2-vs-1","inference","4",15,2.33233
"5","2-vs-1","control-double","4",9,0.03633
"5","2-vs-1","control-single","4",1,1.33433
"5","2-vs-1","control-single","4",4,0.37966
"5","2-vs-1","control-single","4",11,0.05133
"5","2-vs-1","inference","4",2,0.39533
"5","2-vs-1","inference","4",5,0.30633
"5","2-vs-1","inference","4",12,0.90966
"5","2-vs-1","inference","4",15,1.09766
"50","2-vs-1","control-single","3",1,0.61766
"50","2-vs-1","control-single","3",7,0.65366
"50","2-vs-1","control-single","3",11,0.318
"50","2-vs-1","control-single","3",13,0.42966
"50","2-vs-1","inference","3",5,1.398
"50","2-vs-1","inference","3",15,0.61433
"51","2-vs-1","control-single","2",7,2.693
"51","2-vs-1","control-single","2",10,0.62233
"51","2-vs-1","control-single","2",11,0.42233
"51","2-vs-1","inference","2",2,1.12333
"51","2-vs-1","inference","2",5,2.062
"52","2-vs-1","control-double","3",8,0.426
"52","2-vs-1","inference","3",2,0.437
"53","2-vs-1","control-double","5",8,0.38433
"53","2-vs-1","control-single","5",10,0.07133
"53","2-vs-1","control-single","5",13,0.52966
"53","2-vs-1","inference","5",2,1.012
"53","2-vs-1","inference","5",12,0.60966
"54","2-vs-1","control-double","2",8,1.08433
"54","2-vs-1","control-single","2",10,0.038
"54","2-vs-1","inference","2",12,1.38466
"54","2-vs-1","inference","2",15,1.13933
"55","2-vs-1","control-double","3",8,0.39266
"55","2-vs-1","control-double","3",14,0.71733
"55","2-vs-1","control-single","3",7,0.712
"55","2-vs-1","control-single","3",10,0.62133
"55","2-vs-1","control-single","3",11,1.00966
"55","2-vs-1","inference","3",2,2.25366
"55","2-vs-1","inference","3",12,0.25966
"56","2-vs-1","control-double","4",3,0.60833
"56","2-vs-1","control-single","4",7,0.543
"56","2-vs-1","inference","4",5,0.462
"56","2-vs-1","inference","4",15,1.35733
"57","2-vs-1","control-double","adult",8,0.04266
"57","2-vs-1","control-double","adult",9,0.628
"57","2-vs-1","control-double","adult",14,0.584
"57","2-vs-1","control-double","adult",18,0.25566
"57","2-vs-1","control-double","adult",24,0.308
"57","2-vs-1","control-single","adult",7,0.57866
"57","2-vs-1","control-single","adult",13,0.67966
"57","2-vs-1","control-single","adult",20,0.17033
"57","2-vs-1","inference","adult",2,0.45366
"57","2-vs-1","inference","adult",5,0.523
"57","2-vs-1","inference","adult",23,0.809
"58","2-vs-1","control-single","3",7,1.03466
"58","2-vs-1","control-single","3",10,0.539
"58","2-vs-1","inference","3",2,0.92333
"58","2-vs-1","inference","3",12,1.58966
"59","2-vs-1","control-double","3",14,0.46733
"59","2-vs-1","control-single","3",4,0.42133
"59","2-vs-1","control-single","3",10,0.22966
"59","2-vs-1","control-single","3",11,0.57633
"59","2-vs-1","control-single","3",13,0.42133
"59","2-vs-1","control-single","3",16,0.74833
"59","2-vs-1","inference","3",5,0.248
"59","2-vs-1","inference","3",15,0.82266
"6","2-vs-1","control-double","2",9,0.127
"6","2-vs-1","control-single","2",10,1.34733
"6","2-vs-1","inference","2",15,0.149
"60","2-vs-1","control-double","3",14,0.19266
"60","2-vs-1","control-single","3",1,0.72466
"60","2-vs-1","control-single","3",4,1.339
"60","2-vs-1","control-single","3",10,0.69733
"60","2-vs-1","control-single","3",13,0.301
"60","2-vs-1","inference","3",2,0.03166
"60","2-vs-1","inference","3",5,0.912
"61","2-vs-1","control-double","4",9,0.34466
"61","2-vs-1","control-single","4",1,0.53433
"61","2-vs-1","control-single","4",4,0.963
"61","2-vs-1","control-single","4",11,0.418
"61","2-vs-1","control-single","4",13,0.688
"61","2-vs-1","inference","4",12,0.65966
"62","2-vs-1","control-single","3",1,0.69266
"62","2-vs-1","control-single","3",4,0.89633
"62","2-vs-1","inference","3",5,0.573
"63","2-vs-1","control-single","3",10,1.089
"63","2-vs-1","control-single","3",16,0.18966
"63","2-vs-1","inference","3",2,0.59833
"63","2-vs-1","inference","3",5,0.612
"64","2-vs-1","control-double","5",9,0.53533
"64","2-vs-1","control-single","5",7,0.568
"64","2-vs-1","control-single","5",10,0.79733
"64","2-vs-1","inference","5",2,1.765
"64","2-vs-1","inference","5",5,0.04533
"64","2-vs-1","inference","5",12,0.96466
"65","2-vs-1","inference","5",12,0.63466
"65","2-vs-1","inference","5",15,1.22266
"66","2-vs-1","control-single","2",4,0.714
"66","2-vs-1","control-single","2",10,0.464
"66","2-vs-1","control-single","2",16,2.60633
"66","2-vs-1","inference","2",2,1.54
"67","2-vs-1","control-double","2",8,0.30933
"67","2-vs-1","control-single","2",1,0.58433
"67","2-vs-1","control-single","2",4,0.67133
"67","2-vs-1","control-single","2",11,1.243
"67","2-vs-1","inference","2",2,0.437
"67","2-vs-1","inference","2",5,0.38966
"68","2-vs-1","control-double","3",9,0.21866
"68","2-vs-1","control-double","3",14,0.51766
"68","2-vs-1","control-single","3",6,0.69966
"68","2-vs-1","control-single","3",11,0.92233
"68","2-vs-1","control-single","3",16,0.43133
"68","2-vs-1","inference","3",5,1.487
"68","2-vs-1","inference","3",15,1.299
"69","2-vs-1","control-single","4",4,0.50566
"69","2-vs-1","control-single","4",6,0.41633
"69","2-vs-1","control-single","4",10,0.39733
"69","2-vs-1","inference","4",5,1.037
"7","2-vs-1","control-double","5",8,0.30933
"7","2-vs-1","control-double","5",14,0.13399
"7","2-vs-1","control-single","5",4,0.288
"7","2-vs-1","control-single","5",10,0.17966
"70","2-vs-1","control-single","2",4,0.59633
"70","2-vs-1","control-single","2",7,0.712
"70","2-vs-1","control-single","2",10,0.363
"70","2-vs-1","control-single","2",11,0.28466
"70","2-vs-1","control-single","2",16,0.415
"70","2-vs-1","inference","2",12,0.22633
"70","2-vs-1","inference","2",15,2.96433
"71","2-vs-1","control-single","5",1,0.183
"71","2-vs-1","control-single","5",4,0.53066
"71","2-vs-1","control-single","5",16,0.68966
"71","2-vs-1","inference","5",2,0.57333
"71","2-vs-1","inference","5",5,0.89533
"71","2-vs-1","inference","5",12,0.898
"72","2-vs-1","control-single","3",1,0.36633
"72","2-vs-1","control-single","3",6,0.358
"72","2-vs-1","control-single","3",7,0.72633
"72","2-vs-1","control-single","3",10,0.84733
"72","2-vs-1","inference","3",2,0.89
"72","2-vs-1","inference","3",5,1.47033
"73","2-vs-1","inference","2",2,0.762
"73","2-vs-1","inference","2",12,1.20966
"74","2-vs-1","control-double","2",8,0.38433
"74","2-vs-1","control-double","2",9,0.503
"74","2-vs-1","control-single","2",16,0.30666
"74","2-vs-1","inference","2",2,2.19533
"74","2-vs-1","inference","2",5,2.48133
"75","2-vs-1","control-single","5",13,0.476
"75","2-vs-1","control-single","5",16,0.15633
"75","2-vs-1","inference","5",5,1.72866
"75","2-vs-1","inference","5",15,0.949
"76","2-vs-1","control-single","3",10,0.513
"76","2-vs-1","inference","3",5,0.68133
"77","2-vs-1","control-single","2",4,0.64633
"77","2-vs-1","control-single","2",7,0.22866
"77","2-vs-1","inference","2",2,0.39533
"78","2-vs-1","control-double","3",9,0.16133
"78","2-vs-1","control-single","3",4,0.75466
"78","2-vs-1","control-single","3",13,0.32966
"78","2-vs-1","inference","3",12,2.30966
"79","2-vs-1","control-double","3",9,0.477
"79","2-vs-1","control-double","3",14,0.45933
"79","2-vs-1","control-single","3",7,0.17633
"79","2-vs-1","control-single","3",16,1.95633
"79","2-vs-1","inference","3",5,0.52033
"79","2-vs-1","inference","3",12,1.03966
"8","2-vs-1","control-single","3",1,0.79133
"8","2-vs-1","control-single","3",6,0.84966
"8","2-vs-1","control-single","3",7,2.10133
"8","2-vs-1","control-single","3",10,0.54733
"8","2-vs-1","inference","3",12,3.448
"80","2-vs-1","control-single","3",4,0.163
"80","2-vs-1","control-single","3",7,0.07033
"80","2-vs-1","control-single","3",10,0.55466
"80","2-vs-1","inference","3",12,3.05133
"81","2-vs-1","inference","4",2,0.83166
"81","2-vs-1","inference","4",5,1.637
"82","2-vs-1","control-single","5",1,0.14966
"82","2-vs-1","control-single","5",16,0.33966
"82","2-vs-1","inference","5",12,1.18133
"82","2-vs-1","inference","5",15,0.36566
"83","2-vs-1","control-single","4",4,0.33066
"83","2-vs-1","inference","4",5,1.27033
"83","2-vs-1","inference","4",12,0.423
"84","2-vs-1","control-double","5",14,0.684
"84","2-vs-1","control-single","5",4,0.34633
"84","2-vs-1","inference","5",2,0.187
"85","2-vs-1","control-double","4",14,0.50099
"85","2-vs-1","control-single","4",6,0.358
"85","2-vs-1","control-single","4",10,0.40566
"85","2-vs-1","control-single","4",13,0.36766
"85","2-vs-1","inference","4",5,0.74533
"85","2-vs-1","inference","4",15,0.65733
"86","2-vs-1","control-single","5",4,0.439
"86","2-vs-1","inference","5",2,0.39833
"86","2-vs-1","inference","5",5,0.82866
"87","2-vs-1","control-double","2",3,0.36666
"87","2-vs-1","control-double","2",14,0.93433
"87","2-vs-1","control-single","2",1,0.24133
"87","2-vs-1","control-single","2",4,0.45566
"87","2-vs-1","control-single","2",10,0.939
"87","2-vs-1","inference","2",12,0.09799
"88","2-vs-1","control-single","4",4,0.34633
"88","2-vs-1","control-single","4",7,0.37033
"88","2-vs-1","control-single","4",10,0.538
"88","2-vs-1","inference","4",2,1.487
"88","2-vs-1","inference","4",5,0.273
"88","2-vs-1","inference","4",12,0.60966
"89","2-vs-1","control-double","4",8,0.81766
"89","2-vs-1","control-single","4",13,0.67133
"89","2-vs-1","inference","4",15,1.606
"9","2-vs-1","control-double","adult",8,0.23433
"9","2-vs-1","control-double","adult",9,0.53633
"9","2-vs-1","control-double","adult",18,1.02233
"9","2-vs-1","control-double","adult",24,0.308
"9","2-vs-1","control-single","adult",1,0.976
"9","2-vs-1","control-single","adult",4,0.70466
"9","2-vs-1","control-single","adult",7,0.137
"9","2-vs-1","control-single","adult",11,0.68466
"9","2-vs-1","control-single","adult",13,0.84633
"9","2-vs-1","control-single","adult",19,0.03633
"9","2-vs-1","control-single","adult",20,0.712
"9","2-vs-1","inference","adult",12,0.60133
"9","2-vs-1","inference","adult",15,0.08933
"90","2-vs-1","control-single","3",1,0.783
"90","2-vs-1","inference","3",2,1.02333
"90","2-vs-1","inference","3",5,1.27866
"91","2-vs-1","control-single","2",1,0.208
"91","2-vs-1","control-single","2",4,1.95566
"91","2-vs-1","control-single","2",10,0.05566
"91","2-vs-1","inference","2",5,0.15366
"92","2-vs-1","control-single","4",1,0.24966
"92","2-vs-1","inference","4",2,1.03166
"92","2-vs-1","inference","4",12,0.66466
"93","2-vs-1","control-single","5",1,0.44266
"93","2-vs-1","control-single","5",7,0.462
"93","2-vs-1","inference","5",12,0.15966
"94","2-vs-1","control-double","4",3,0.2
"94","2-vs-1","control-single","4",4,0.414
"94","2-vs-1","control-single","4",11,0.064
"94","2-vs-1","inference","4",2,0.09833
"95","2-vs-1","control-double","5",8,0.19266
"95","2-vs-1","control-double","5",9,0.33633
"95","2-vs-1","control-double","5",14,0.434
"95","2-vs-1","control-single","5",1,0.66766
"95","2-vs-1","control-single","5",7,0.437
"95","2-vs-1","inference","5",12,0.35133
"95","2-vs-1","inference","5",15,3.38933
"96","2-vs-1","control-single","4",1,0.48433
"96","2-vs-1","control-single","4",4,0.42966
"96","2-vs-1","control-single","4",7,0.50366
"96","2-vs-1","control-single","4",11,0.43466
"96","2-vs-1","control-single","4",16,0.70666
"96","2-vs-1","inference","4",2,0.162
"97","2-vs-1","control-double","5",3,0.75
"97","2-vs-1","control-single","5",1,0.07466
"97","2-vs-1","control-single","5",7,0.418
"97","2-vs-1","control-single","5",13,0.176
"97","2-vs-1","control-single","5",16,0.873
"97","2-vs-1","inference","5",2,0.19
"97","2-vs-1","inference","5",12,0.70633
"98","2-vs-1","control-single","5",4,0.54633
"98","2-vs-1","control-single","5",7,0.287
"98","2-vs-1","control-single","5",11,1.65966
"98","2-vs-1","inference","5",2,0.737
"98","2-vs-1","inference","5",12,0.368
"99","2-vs-1","control-double","5",14,1.65933
"99","2-vs-1","control-single","5",1,0.47466
"99","2-vs-1","control-single","5",7,0.45133
"99","2-vs-1","control-single","5",11,1.54733
"99","2-vs-1","control-single","5",13,0.69266
"99","2-vs-1","control-single","5",16,0.40633
"99","2-vs-1","inference","5",2,0.58166
